{"mean_": [0.018073394980557014], "var_": [0.32796162418207997], "scale_": [0.5726793380086975], "n_samples_seen_": 4863}