{"mean_": 1.3267518238401619e-08, "var_": 5.891889464558663e-13, "scale_": 7.675864423345858e-07, "n_samples_seen_": 4923}