{"mean_": 0.04323878391806312, "var_": 0.0004505307303126256, "scale_": 0.021225709182795885, "n_samples_seen_": 4923}