{"mean_": [0.04747679855991314], "var_": [0.0005385324439135379], "scale_": [0.023206301814669605], "n_samples_seen_": 4307}