{"mean_": [0.18619774776031503], "var_": [0.00645868536974229], "scale_": [0.08036594658026676], "n_samples_seen_": 4307}