{"mean_": [0.18534204966467907], "var_": [0.006379961991773742], "scale_": [0.07987466426704867], "n_samples_seen_": 4923}