{"mean_": [0.04852734212482109], "var_": [0.000480430808940621], "scale_": [0.02191873191908284], "n_samples_seen_": 4307}