{"mean_": [0.04853036631115969], "var_": [0.00040248773699397484], "scale_": [0.020062097023840125], "n_samples_seen_": 4307}