{"mean_": [0.0497437485783257], "var_": [0.0003402260134012231], "scale_": [0.018445216545251594], "n_samples_seen_": 4923}