{"min_": -0.889238256983189, "scale_": 0.6340534778977385, "data_min_": -0.17468832973529533, "data_max_": 2.979619736882651, "data_range_": 3.154308066617946, "feature_range": [-1, 1]}