{"mean_": 4620347413.790169, "var_": 6.9710913418135904e+19, "scale_": 8349306163.875889, "n_samples_seen_": 4923}