{"mean_": [4620347413.790169, 88438841.86381799, 62656715.669740506, 117568271.93404561, 47138461.06355308, 42511274.72683869, 72753873.98160559, 39960795.1267962, 37511057.67039158, 50396048.51838476, 38243181.08846546, 36175496.062466376, 43775492.326890126, 33590471.10338836, 32333700.109391503, 47241006.94938219, 31746975.61553141, 32280729.640990704, 62361267.02345948, 37264109.81285143, 44507059.88598889, 539790081.6409895, 40144673.39710602, 32858366.32278223, 51756912.32141399, 33710161.40426328, 26844090.32811492, 37157771.62618221, 31112846.1665651, 26186239.590338442, 32452165.679541472, 28193042.246782027, 24958411.163718704, 30843002.663677543, 24808156.555760313, 23112439.26556582, 32604761.710939687, 22775209.01705037, 23311938.699103724, 34441556.19971823, 24641272.811691344, 25301348.723104928, 128181717.60247816, 26214740.20066544, 21666515.74967286, 27364859.729757126, 23241629.662000682, 19135125.6774, 22022169.760964878, 22372618.489988696, 18763740.27481304, 20463148.36912172, 18950923.396432243, 17815285.71984329, 19656142.160404764, 16425996.451189198, 17479862.36116189, 21071798.465696983, 16434854.42049347, 15840280.16851365, 22397862.384879902, 17269273.151896536, 17168252.042703163, 51086845.46646528, 18149136.115059096, 15396875.352671346, 18970884.339493882, 17089774.477622874, 14679801.012031043, 16442066.437236525, 15172803.80732594, 14420889.263529742, 15992768.39355044, 14489100.462933546, 14579673.499519719, 16677232.270739218, 14004362.077168494, 14602536.062601548, 15838861.215251047, 14033186.860869013, 14600899.266508512, 17738783.35809724, 14740121.304287424, 15557392.52898471, 35400793.80398131], "var_": [6.9710913418135904e+19, 9.41442715630521e+16, 4.34749796796122e+16, 2.587799823145115e+17, 1.9218578837566692e+16, 1.734519556856605e+16, 7.476622424598822e+16, 3.931629052070831e+16, 2.4312875439094356e+16, 2.3948763385264384e+16, 5.262737712545987e+16, 2.6366503210821188e+16, 2.7233737872527628e+16, 2.497901817621496e+16, 9848361935929024.0, 9.03186988354519e+16, 7113383606685099.0, 6064322854506910.0, 1.6218301285641782e+17, 1.1873219838902664e+16, 2.372932932201042e+16, 1.1187111393015837e+18, 1.720257467701344e+16, 6148157408347603.0, 3.979172643053891e+16, 4.5009408141291464e+16, 5542416791961752.0, 1.1411642478470938e+16, 9.126188465724042e+16, 9302397316555540.0, 8324315580247071.0, 5.795946357380156e+16, 8481865833951384.0, 2.0145593558384876e+16, 1.32275699743164e+16, 5189100927479064.0, 5.290725810049744e+16, 4426484784072914.0, 5592026685655182.0, 4.690710036360138e+16, 7382784838695517.0, 4804874121135750.0, 1.7216975707190218e+17, 2.7470626223596856e+16, 2565921505121746.5, 4275493240768967.5, 6.33715638134181e+16, 2635430107930016.0, 3641443145893117.5, 4.637182898734398e+16, 5236862082282277.0, 4053969936471109.5, 1.0849568152539536e+16, 3551695515489850.0, 1.0781505805748436e+16, 1944443280597588.5, 5175929709025712.0, 1.846996992019802e+16, 1545073466469394.0, 3426063043182675.0, 9691007008946364.0, 4358313869342732.0, 2152435564659495.0, 1.5929454810617088e+17, 1.7981441827856612e+16, 1604199742037310.5, 2092748281886857.8, 1.1920796774442596e+16, 1438737183143136.0, 1988685462949492.0, 5071079520736310.0, 1301142193491969.0, 3836874100353972.0, 1284220024576663.0, 2980302633963506.0, 9483857965631072.0, 1172100832267659.2, 5164309092354636.0, 4056484314669082.0, 1415653969049744.0, 3123042589652137.5, 2709786009305388.5, 2249980984621125.0, 4073314750524910.0, 1.4812361025634598e+16], "scale_": [8349306163.875889, 306829385.10359806, 208506545.8915192, 508704218.8880602, 138631089.00086838, 131701160.08815584, 273434131.4576295, 198283359.16235712, 155925865.20232734, 154753880.0329878, 229406576.02924088, 162377656.13168946, 165026476.27737686, 158047518.72843483, 99238913.41570112, 300530695.3298646, 84340877.43606359, 77873762.29839489, 402719521.32522434, 108964305.34309235, 154043270.9403771, 1057691419.6974388, 131158585.9828225, 78410186.89142121, 199478636.52666897, 212154208.3987293, 74447409.57186994, 106825289.50801368, 302095820.32401645, 96448936.31635104, 91237687.28024112, 240747717.69178116, 92097045.7395425, 141935173.7885464, 115011173.25858562, 72035414.39791308, 230015777.9381611, 66531832.862720035, 74779854.81167492, 216580470.87307152, 85923133.31516442, 69317199.3168777, 414933436.9171785, 165742650.58697733, 50654925.773529135, 65387255.95075058, 251737092.64512074, 51336440.3511776, 60344371.28592125, 215341192.0356716, 72366166.69606231, 63670793.43365457, 104161260.32522617, 59596103.19047589, 103834030.09489922, 44095841.98762496, 71943934.48391402, 135904267.4833944, 39307422.53658199, 58532581.03981641, 98442912.4363271, 66017526.98596587, 46394348.41292089, 399117210.9871621, 134094898.58997847, 40052462.371710815, 45746565.79336702, 109182401.3952917, 37930689.19942183, 44594679.76058906, 71211512.55756551, 36071348.650860965, 61942506.41000873, 35836015.746406056, 54592148.098087385, 97385101.35349797, 34235958.17656721, 71863127.48798674, 63690535.51878083, 37625177.329146825, 55884189.084678836, 52055604.97492454, 47433964.462409474, 63822525.41638344, 121706043.50497389], "n_samples_seen_": 4923}