{"mean_": [1185482849.8578877, 327130245.60679054, 27353884.548030645, 35649753.69100397, 22285019.324231774, 18146718.565602962, 23417893.575478334, 17320034.97601037, 15828248.923927136, 18234564.465017475, 15599381.978292989, 14770970.816048376, 15563141.608682841, 13131064.084487915, 13769063.533494858, 15916480.273416426, 12629414.266769797, 14677874.320833568, 20442609.03093417, 15954676.88305506, 48204124.514780626, 141310312.4099197, 47357992.68000752, 13644062.105398905, 17615542.170473013, 14229388.199959522, 11322510.63358476, 13195456.733245602, 12214096.438424869, 10337710.58818849, 10959414.797696987, 10455980.318366548, 10350181.403023282, 10623757.283150325, 9190144.793507004, 9634597.33265805, 11062755.579769397, 9081089.93303586, 9420751.289276225, 11644626.464287093, 9607695.99686252, 16408490.4086056, 37256736.318290904, 16992273.663032893, 8814299.06585264, 10011028.023150884, 8933163.534413941, 7573323.986376071, 8028214.976326654, 8245182.357242103, 7475512.753403477, 7348484.945395889, 7061439.512524757, 7164167.223102424, 6938828.655364201, 6142740.913332956, 6827020.127605174, 7473835.511371154, 6190723.115758741, 6366893.073343787, 7751358.22413016, 6558374.072482853, 8241642.633032676, 15703312.814600391, 9430789.528538212, 6039363.2767641675, 6524649.5793133015, 6156093.407670698, 5617132.551137777, 5909783.292058838, 5731963.990590777, 5652516.095513509, 5824884.457517633, 5563202.51392755, 5763630.510522991, 5892743.75732961, 5386911.417637954, 5374349.835605678, 5599826.7415751945, 5284506.773282502, 5578959.037658444, 6144523.3031341005, 5518059.061665442, 6882333.154057116, 10807215.365233928], "var_": [5.037326316902248e+18, 4.341352006851439e+17, 7318705823215858.0, 2.6867992546946948e+16, 1.199451257774274e+16, 3529823254567587.0, 9254919120701270.0, 1.418301808347502e+16, 6458453486399535.0, 3767568831295902.5, 1.1047349203345274e+16, 1.2855538028378422e+16, 3768908851854383.0, 3517864784375468.5, 1.0417041273572524e+16, 9822967565667068.0, 1511307263060924.5, 6630214846052533.0, 1.84326280640774e+16, 2757581304599564.5, 1.1962602571173094e+16, 9.253486602856248e+16, 1.4624423813294544e+16, 1335666417199398.0, 7306445298536419.0, 1.0761313843066616e+16, 1706151421124423.8, 1894309141753742.5, 1.1737836874463818e+16, 4127743278457553.5, 1014806648913992.8, 6685771576670148.0, 7531370581043312.0, 2431739899845084.5, 1530359293724552.5, 5215806747540819.0, 5879497179569136.0, 743901931476309.2, 1775696549478685.8, 6810815036111081.0, 1592803576841406.2, 2276855362486162.0, 1.5358651084256486e+16, 5744087644787113.0, 476760784158384.2, 1471696818331821.5, 7016085458941447.0, 680773629201186.0, 385529647318143.75, 4294220814685756.5, 1459817570830100.0, 327692612531389.3, 984496727392766.5, 1875760135797829.2, 867802193413288.9, 190891878974202.34, 1305871969796105.8, 1912625190535140.5, 206379853638365.44, 452349861850596.25, 2064907954534303.0, 672813831031244.2, 666220561788932.1, 1.2968311983656866e+16, 4924575884805238.0, 292633267930263.2, 272161041874035.97, 954737622175069.9, 218151339141605.6, 186786781150057.1, 466212252872432.75, 387053366648191.44, 206194832396828.8, 181889052716492.66, 471248486335149.7, 423708394643551.6, 146992725326566.4, 368296921479949.8, 274928145074338.2, 140839598139454.8, 210786234940289.34, 320462712830479.94, 194930610333996.94, 313785067881519.94, 1229350953188945.8], "scale_": [2244398876.515101, 658889369.0788643, 85549434.9672507, 163914589.18274158, 109519462.09575145, 59412315.68090565, 96202490.20010485, 119092477.02300519, 80364503.89568478, 61380524.85353886, 105106370.8979873, 113382265.0522489, 61391439.56492943, 59311590.64108354, 102063907.79101358, 99110885.20272164, 38875535.534072384, 81426131.223659, 135766815.0325307, 52512677.56075255, 109373683.17457858, 304195440.5124483, 120931483.96217813, 36546770.27042743, 85477747.3880566, 103736752.61481157, 41305585.8344174, 43523661.860575825, 108341298.10217255, 64247515.7376342, 31856030.024376746, 81766567.59746093, 86783469.51489846, 49312674.83969091, 39119806.923405856, 72220542.42070478, 76677879.33667138, 27274565.651469305, 42139014.57650245, 82527662.24794617, 39909943.33297664, 47716405.59059496, 123930024.9506006, 75789759.498148, 21834852.510570895, 38362700.87378913, 83762076.49611755, 26091639.066972893, 19634908.895081326, 65530304.55206016, 38207559.07971746, 18102281.97027627, 31376690.82922491, 43310046.59196096, 29458482.53751861, 13816362.72592039, 36136850.57937542, 43733570.52122706, 14365926.828379903, 21268518.092490513, 45441258.28511247, 25938655.150783055, 25811248.745245397, 113878496.58147435, 70175322.47738686, 17106527.056368373, 16497304.078971084, 30898828.815588947, 14769947.16109728, 13666996.054366047, 21591948.79746691, 19673671.91574037, 14359485.798482787, 13486624.95647049, 21708258.48231842, 20584178.26009947, 12124055.646794368, 19191063.583865013, 16580957.30271139, 11867586.02831489, 14518479.084955467, 17901472.364877697, 13961755.274104934, 17713979.4479253, 35062101.380107634], "n_samples_seen_": 4923}