{"mean_": [1169887154.2364407, 324209245.8752495, 27785732.632618707, 33502663.331121404, 20527703.265618317, 17140614.56716874, 22001907.509290133, 16279831.07684127, 15162363.436215222, 17720259.882105544, 14135419.526722806, 13200703.428266384, 14508421.831844185, 12199821.57520744, 12520770.513455251, 14818058.699836195, 12530434.750726694, 13613204.668604357, 18606351.110400554, 15276816.112741977, 46495902.06691343, 137534859.92683977, 45533594.46124464, 13419981.05330337, 16969569.048855066, 12841872.097328775, 11006883.75774533, 13172319.0895991, 10799348.998779316, 9349616.030970788, 10266121.81174935, 9364138.878824482, 9125919.780992428, 9681269.524484372, 8710281.80504769, 8789107.795272171, 9962956.422149163, 8596672.441898022, 9015237.942297116, 10420588.818287255, 8958484.859520955, 16492436.243904313, 37094239.6067229, 16157724.252311429, 8483658.262020351, 9752237.015555749, 8025362.108532369, 7218694.319702049, 7735094.0578778, 7281658.639486813, 7137996.450609826, 7291064.98340823, 6659482.591121559, 6464054.841828182, 6517663.573493093, 5952590.170110553, 6278975.042075792, 6803675.079785861, 6106993.948022445, 6123571.944659114, 7157433.684815451, 6052079.469848459, 8025702.270540353, 15212216.071811454, 8932525.033081459, 6205226.12912224, 6662901.592372224, 5780474.527908229, 5534126.8173688175, 5802141.253967292, 5329740.70217175, 5523075.318198667, 5974603.9049052205, 5540077.354398162, 5436087.835132057, 5589950.263388235, 5151293.763848854, 4968226.1813242445, 5451478.591279283, 5245183.076067724, 5279408.708649728, 5777192.448039757, 5409240.741973246, 6826726.296890436, 10557361.712988783], "var_": [4.772034510018258e+18, 4.300106522260331e+17, 7213909001165720.0, 1.0213378779198318e+16, 2793636085697267.5, 2432195770262449.5, 3966197468350939.0, 1569263136798375.2, 1890285840959335.0, 2485035480618941.0, 1399998952031304.2, 1016843792548915.1, 1201165172167927.0, 872439153759861.2, 945976345508793.4, 1332958770150428.8, 1048916802360089.1, 1101633790793784.4, 2488812246401839.0, 1973853476891036.0, 9522653956461796.0, 6.9776189784932856e+16, 8930202589541036.0, 1230734754874827.5, 2619838202060155.5, 1196216196176549.0, 672210282343629.8, 1118684384282207.0, 702997089739817.6, 397849710200532.2, 533106236636083.75, 564891890061443.4, 475725610252024.06, 485921610389997.94, 414868155551441.5, 468026893999457.3, 578747493316974.1, 466379017580852.75, 520439086015868.44, 656031723417564.9, 432187440414338.5, 2244228648797249.8, 1.300567169303983e+16, 1985144625224178.8, 406554159020386.6, 587920076988727.6, 360807813236385.2, 228903070702288.0, 270942412738843.75, 266205690285623.8, 284402199077525.6, 280945631541559.4, 209849778673031.38, 189079338204679.8, 186871947160231.3, 154384938790830.06, 210285184147526.97, 209386706386222.84, 179486801706950.8, 221780821467644.38, 329762123698823.6, 175004680499004.2, 679878690303379.1, 1.3688815632598796e+16, 3571569004372416.0, 324506211642778.9, 234113271394221.56, 177103262774353.97, 159685859547468.4, 175395979095433.53, 160511326743494.7, 160231289206940.25, 188989973141074.78, 172714138134500.75, 156555717355595.78, 139934664969250.27, 113611507886147.92, 107884814361126.12, 140356832694868.52, 126432644267880.52, 132242495361977.02, 162261382160530.66, 142652316272662.0, 256244706159167.94, 1187485899089922.8], "scale_": [2184498686.2019987, 655751974.6261029, 84934733.77344348, 101061262.50546408, 52854858.67635319, 49317296.86694568, 62977753.75758442, 39613926.04625771, 43477417.59763722, 49850130.19660973, 37416559.863666035, 31887988.217335302, 34657829.882552184, 29537080.995925464, 30756728.459132213, 36509707.88914133, 32386985.076726254, 33190869.087653976, 49887997.017337136, 44428070.82117156, 97584086.594392, 264151830.93238792, 94499749.15067783, 35081829.41174573, 51184355.0517163, 34586358.527265474, 25927018.38514467, 33446739.51646419, 26514092.285798088, 19946170.3141363, 23089093.45635042, 23767454.429564882, 21811135.00604735, 22043629.700890865, 20368312.535687424, 21633929.231636524, 24057171.349037986, 21595810.185794204, 22813134.06824824, 25613116.2379271, 20789118.317387547, 47373290.45778064, 114042411.81700705, 44554961.8474102, 20163188.215666357, 24247063.265243642, 18994941.78028417, 15129542.977310583, 16460328.451730352, 16315811.052032437, 16864228.386662867, 16761432.860634541, 14486192.690732488, 13750612.284719536, 13670111.453833554, 12425173.591979714, 14501213.19571321, 14470200.633931197, 13397268.441997824, 14892307.459478682, 18159353.61456524, 13228933.460374052, 26074483.50981049, 116999212.10247014, 59762605.40147506, 18014055.94647632, 15300760.48417926, 13308014.982496599, 12636687.0479358, 13243714.701526666, 12669306.482341276, 12658249.847705655, 13747362.406697322, 13142075.107626678, 12512222.718429998, 11829398.335048586, 10658869.915997095, 10386761.495342335, 11847228.903624194, 11244227.152983015, 11499673.706761293, 12738185.983904092, 11943714.509006903, 16007645.2409206, 34459917.28211086], "n_samples_seen_": 4307}