{"mean_": [0.5316168144085802], "var_": [0.009923742780429963], "scale_": [0.09961798422187614], "n_samples_seen_": 4307}