{"mean_": [0.0007332806396026543], "var_": [1.8669785516408078e-05], "scale_": [0.00432085472058574], "n_samples_seen_": 1883080}