{"mean_": [0.0007077054812798836], "var_": [1.9539449781617123e-05], "scale_": [0.004420344984457336], "n_samples_seen_": 1883080}