{"mean_": [0.0007630508048088785], "var_": [1.911162001978606e-05], "scale_": [0.004371683888364535], "n_samples_seen_": 2168451}